OBJECTID,CATCHMENT_AREA,SHAPE_Length,SHAPE_Area
1,1,18282.4955868536,13426483.5450784
2,2,13509.4278661627,5803683.70336032
3,3,10031.3461173237,3835104.43843793
4,4,9341.71235449905,4054324.80235046
5,5,21391.4544694564,15321298.6700259
6,6,13577.1383403176,6644478.14578616
7,7,20684.6665979246,13061103.7265979
8,8,26077.0901372947,32101933.6393728
9,9,35143.3328568502,36623922.4981084
